,AL,AT,BA,BE,BG,CY,CZ,DE,DK,EA19,EE,EL,ES,EU27_2020,EU28,FI,FR,HR,HU,IE,IS,IT,LT,LU,LV,ME,MK,MT,NL,NO,PL,PT,RO,RS,SE,SI,SK,TR,UK,XK
2004,"0,0","0,0","0,0","0,0","0,0","0,0","0,0","907,973","0,0","1683,4640000000002","0,0","0,0","174,668","1847,2499999999998","1863,702","5,0","340,67400000000004","0,0","0,0","0,0","0,0","252,747","0,88","0,522","0,0","0,0","0,0","0,0","0,0","0,0","13,543","0,0","0,0","0,0","150,243","0,0","1,0","0,0","16,452","0,0"
2005,"0,0","73,767","0,0","0,0","0,0","0,0","0,0","1828,151","0,0","2945,8280000000004","0,0","0,0","257,309","3164,329","3233,095","0,0","591,156","0,0","2,58","1,0979999999999999","0,0","176,74599999999998","3,29","0,541","2,6","0,0","0,0","0,0","0,0","0,0","49,663999999999994","0,0","0,0","0,0","166,257","0,0","11,17","0,0","68,765","0,0"
2006,"0,0","256,063","0,0","0,0","5,428","0,0","0,0","3343,6989999999996","3,826","4869,842","0,0","44,8","171,109","5214,496999999999","5394,771","1,0","711,168","0,0","10,963","2,662","0,0","159,071","19,3","0,511","2,4","0,0","0,0","0,0","42,178999999999995","5,188","90,59200000000001","71,628","0,0","0,0","233,845","4,08","40,17","0,0","180,274","0,0"
2007,"0,0","322,09499999999997","0,0","0,0","2,323","0,0","0,0","3795,572","5,739","6784,090999999999","0,0","82,6","381,915","7229,402999999999","7578,3550000000005","2,0","1432,67","2,92","28,853","21,541999999999998","0,21","139,629","53,15","44,85","1,7","0,0","0,0","0,0","311,232","30,083000000000002","96,699","121,876","0,0","0,0","308,778","13,769","59,49","0,0","348,95099999999996","0,0"
2008,"0,0","395,20899999999995","0,0","0,0","4,18","14,14","109,941","2971,506","5,102","7857,697","0,0","66,8","612,496","8951,357000000002","9756,611","79,4","2315,464","1,59","163,72899999999998","55,568000000000005","0,31","728,623","61,43","44,891999999999996","2,0","0,0","0,0","0,0","287,767","81,137","437,06","125,566","0,0","0,0","372,057","24,568","72,27","0,0","805,255","0,0"
2009,"0,0","511,115","0,0","132,023","3,747","15,023","194,77900000000002","2632,8489999999997","8,684","9053,047999999999","0,0","75,6","1060,428","10466,679000000002","11454,841","145,04","2466,646","7,08","168,148","77,416","0,38","1144,117","51,54","42,185","4,1","0,0","0,0","0,0","372,73199999999997","94,89","635,888","208,095","0,0","0,0","395,3059999999999","29,686999999999998","84,45","0,0","988,163","0,0"
2010,"0,0","495,42299999999994","0,0","358,07599999999996","13,409","15,023","231,25099999999998","2897,8","26,784000000000002","10178,658","0,0","123,9","1419,891","11924,285","13074,618999999999","142,083","2421,987","2,87","174,047","92,594","0,53","1419,591","44,79","41,224","27,2","0,0","0,0","0,0","228,748","115,315","867,425","309,13","0,0","0,0","429,84299999999996","44,606","96,59","0,0","1150,3339999999998","0,0"
2011,"0,0","497,781","0,0","346,64599999999996","16,76","15,907","300,11","2844,810000000001","130,489","10506,931999999999","0,0","102,8","1701,06","12686,435","13750,084","196,364","2430,6079999999997","3,52","164,78","97,794","1,15","1400,5269999999998","45,02","45,854","22,349999999999998","0,0","0,0","1,83","329,246","113,801","915,535","293,07599999999996","195,99","0,0","452,321","34,991","100,27","0,0","1063,6490000000001","0,0"
2012,"0,0","490,963","0,0","345,17699999999996","83,88600000000001","15,907","275,27","2968,8059999999996","226,605","11218,357","0,0","102,8","2099,049","13497,804","14394,556999999999","194,01300000000003","2678,0","36,67","154,509","84,867","1,74","1368,4429999999998","60,62","47,465","19,24","0,0","0,0","2,87","321,721","130,41","807,3489999999999","273,296","178,31","0,0","516,848","50,971000000000004","94,15","0,0","896,7520000000001","0,0"
2013,"0,0","502,293","0,0","342,601","101,54299999999999","15,023","277,10900000000004","2708,9219999999996","226,605","9708,107","0,0","121,30000000000001","888,555","12036,625999999998","13084,113000000001","224,692","2688,0","31,76","142,328","102,245","3,7800000000000002","1252,2839999999999","58,7","53,525","18,740000000000002","0,0","0,0","3,15","306,594","126,92800000000001","747,5310000000001","261,388","203,45","0,0","598,194","57,986999999999995","102,11","0,0","1047,487","0,0"
2014,"25,815","596,995","0,0","412,858","108,675","9,721","316,757","2791,204","231,083","10489,591000000002","0,0","134,5","956,33","13012,339000000002","14190,656","497,73","2955,0","29,92","193,274","116,181","4,49","1065,19","63,199999999999996","68,683","22,02","0,0","0,0","4,5","355,747","124,488","705,37","261,25","166,65","0,0","771,0169999999999","42,371","136,11","0,0","1178,316","0,0"
2015,"30,266","653,543","0,0","256,101","143,452","9,72","296,503","2579,8","232,00300000000001","10379,116","0,0","141,5","963,847","13015,687","13959,861","498,192","2996,0","24,26","173,99900000000002","128,132","15,44","1167,021","67,54","81,092","22,8","0,0","0,0","4,93","302,767","150,76000000000002","653,428","327,689","202,48","0,0","910,4449999999999","29,073","149,37","0,0","944,175","0,0"
2016,"81,896","543,511","0,0","434,111","160,238","8,84","301,113","2587,99","235,65800000000002","10037,216999999999","0,0","149,5","1163,9289999999999","12740,017","13756,818","178,91300000000004","2988,2309999999998","1,01","185,894","118,48200000000001","16,38","1041,0339999999999","56,529999999999994","87,069","10,299999999999999","0,0","0,0","5,970000000000001","243,82","350,95099999999996","457,417","259,736","257,15","0,0","1104,32","18,192","141,06","0,0","1016,8009999999999","0,0"
2017,"87,87","478,45199999999994","0,0","465,11300000000006","163,033","8,57","313,844","2619,001","218,487","10781,331","0,0","165,812","1369,514","13918,998","14867,491","392,67199999999997","3137,062","0,499","164,0","160,641","18,5","1061,8909999999998","71,80000000000001","110,262","9,33","0,0","0,0","7,25","311,5280000000001","505,12600000000003","604,887","242,1","297,203","0,0","1375,7140000000002","24,113000000000003","146,22","0,0","948,493","0,0"
2018,"125,0","471,84499999999997","0,0","455,781","160,895","8,95","308,70799999999997","2720,115","218,68","11744,347","20,479999999999997","158,79000000000002","1738,365","15360,862","16685,154","372,22999999999996","3142,0429999999997","27,015","192,0","154,24","21,79","1250,1370000000002","77,80000000000001","119,557","36,12","0,0","0,0","9,19","509,831","384,27700000000004","912,404","281,46299999999997","297,07","0,0","1499,7430000000002","72,0","145,41","0,0","1324,292","0,0"
